,Source,Target,Weight
0,Gobhaun,Saor,45.0
1,Tuatha,Danaan,31.0
2,Mac,Cecht,26.0
3,Balor,Son,22.0
4,Gobhaun,Son,22.0
5,Son,Gobhaun,20.0
6,Saor,Son,18.0
7,Fer,Rogain,18.0
8,Son,Saor,17.0
9,Turann,Sons,15.0
10,Spear,Victory,13.0
11,Lugh,Sons,13.0
12,Lugh,Turann,13.0
13,Brigit,Mantle,12.0
14,Conary,King,12.0
15,Sword,Light,11.0
16,Pooka,Angus,11.0
17,Aodh,Fiacra,11.0
18,Fer,Regain,11.0
19,Angus,Dagda,10.0
20,Mananaun,Boat,10.0
21,Midkena,Hill,10.0
22,Lugh,Lauve,9.0
23,Lugh,Fauda,9.0
24,Lugh,Mananaun,9.0
25,Danaan,Lugh,9.0
26,Sons,Turann,9.0
27,Turann,Lugh,9.0
28,Loch,Lough,9.0
29,Luimnigh,Lough,9.0
30,Derg-loch,Lough,9.0
31,Lough,Reagh,9.0
32,Lough,'and,9.0
33,Lough,Murloch,9.0
34,Balor,Mighty,9.0
35,Midyir,Ethaun,9.0
36,Children,Lir,9.0
37,Fer,Gar,9.0
38,Fer,Conary,9.0
39,Lomna,Fool,9.0
40,Cauldron,Plenty,8.0
41,Dagda,Son,8.0
42,Balor,Fomor,8.0
43,Balor,Eye,8.0
44,Evil,Eye,8.0
45,Son,House,8.0
46,Lugh,Ireland,8.0
47,Ireland,Wave,8.0
48,Tuatha,Lugh,8.0
49,Lough,Gara,8.0
50,Corrib,Lough,8.0
51,Lough,Twelve,8.0
52,Ethaun,Come,8.0
53,Lir,Children,8.0
54,Conary,Road,8.0
55,Conary,Son,8.0
56,Cow,Plenty,7.0
57,Brigit,Earth,7.0
58,Stone,Destiny,7.0
59,Stone,Earth,7.0
60,Ireland,Lugh,7.0
61,Lauve,Fauda,7.0
62,Balor,Evil,7.0
63,Saor,Gobhaun,7.0
64,Land,Wave,7.0
65,Son,Balor,7.0
66,Lugh,Balor,7.0
67,Tuatha,Fomor,7.0
68,Danaan,Fomor,7.0
71,Balor,Strength,7.0
72,Sea,Ah-ro-he,7.0
73,Ethaun,Angus,7.0
74,Ethaun,World,7.0
75,Come,Ethaun,7.0
76,Fiacra,Aodh,7.0
77,Aodh,Conn,7.0
78,King,Ireland,7.0
79,Conary,Fer,7.0
80,Ireland,Danaans,6.0
81,Fomor,Balor,6.0
82,Dagda,Cloak,6.0
83,Balor,Dagda,6.0
84,Son,Road,6.0
85,Land,Sea,6.0
86,Ireland,Day,6.0
87,Ireland,One,6.0
88,Lugh,Boat,6.0
89,Lugh,Music,6.0
90,Ogma,Nuada,6.0
91,Lugh,Dun,6.0
92,Lugh,Ildana,6.0
93,Lugh,Earth,6.0
94,Turann,Earth,6.0
95,Peace,Heaven,6.0
99,Lough,Lakes,6.0
101,Lugh,Strike,6.0
102,Golden,Fly,6.0
103,Ireland,Ethaun,6.0
104,Ethaun,King,6.0
105,Fionnuala,Aodh,6.0
106,Osric,King,6.0
107,Osric,Aidan,6.0
108,Teigue,King,6.0
109,Teigue,Osric,6.0
110,Ireland,Conary,6.0
111,Gar,Fer,6.0
112,Conary,Bruiden,6.0
113,Bruiden,Derga,6.0
114,Mac,Conary,6.0
115,Conary,Rode,6.0
116,Bruiden,Conary,6.0
117,Lomna,Thou,6.0
118,Earth,Pit,5.0
119,Destiny,Earth,5.0
120,Dagda,Cauldron,5.0
121,Mananaun,Sword,5.0
122,Danaans,Ireland,5.0
123,Ireland,Sea,5.0
124,Dagda,Balor,5.0
125,Fomorians,Son,5.0
126,Danaans,Balor,5.0
127,Gobhaun,House,5.0
128,Gobhaun,Skin,5.0
129,Land,Son,5.0
130,Gobhaun,Fire,5.0
131,Son,Ireland,5.0
132,Ireland,Balor,5.0
133,Ireland,Son,5.0
134,Balor,Man,5.0
135,Gobhaun,Boughs,5.0
136,Gobniu,Cow,5.0
138,Lugh,Father,5.0
139,Light,Lugh,5.0
140,Ireland,Mountains,5.0
141,Lugh,Wonder-tales,5.0
142,Sword,Lugh,5.0
143,Lugh,Strength,5.0
144,Fomorians,Lugh,5.0
145,Faery,Host,5.0
146,Nuada,Lugh,5.0
147,Balor,Lugh,5.0
148,Lugh,Battle,5.0
149,Turann,Father,5.0
150,Lugh,Eric,5.0
151,Turann,Eric,5.0
152,World,Stars,5.0
154,Danaan,Strength,5.0
155,Lugh,Son,5.0
156,Fomor,Tuatha,5.0
158,Ethaun,Midyir,5.0
159,World,Shadow,5.0
160,Shadow,Earth,5.0
161,World,Midyir,5.0
162,Ethaun,Eochy,5.0
163,Ethaun,Birds,5.0
166,Aodh,Wonder-tales,5.0
167,Regain,Fer,5.0
168,Conary,Faery,5.0
169,Faery,Hills,5.0
170,Conary,Thou,5.0
171,Conary,Peace,5.0
172,Conary,Mac,5.0
173,Conary,Cecht,5.0
174,Conary,Le-fri-flaith,5.0
175,Fer,Man,5.0
176,Conary,House,5.0
177,Champion,Mac,5.0
178,Champion,Cecht,5.0
179,Cecht,Conary,5.0
180,Cecht,Mac,5.0
181,Mac,Tamer,5.0
182,Cecht,Tamer,5.0
183,Cecht,Heroes,5.0
184,Land,Heart,4.0
185,Ogma,Dagda,4.0
186,Earth,Midyir,4.0
187,Danaan,World,4.0
188,Spear,Flame,4.0
189,Dagda,Hands,4.0
190,Dagda,Angus,4.0
191,Mananaun,Sea,4.0
192,Connla,Well,4.0
193,Land,Silver,4.0
194,Land,Fleece,4.0
195,Silver,Fleece,4.0
197,Island,Destiny,4.0
198,Danaans,Fomor,4.0
199,Balor,Spear,4.0
200,Spear,Lake,4.0
201,Fomor,Spear,4.0
202,Danaans,Lugh,4.0
203,Fomor,Power,4.0
204,Plenty,Ireland,4.0
205,Balor,King,4.0
206,Dagda,Head,4.0
207,Angus,Balor,4.0
208,Angus,Son,4.0
209,Mananaun,Apples,4.0
211,Action,Egg,4.0
212,Balor,Country,4.0
213,Angus,Time,4.0
214,Balor,Danaans,4.0
215,Danaans,Son,4.0
216,Dagda,Gobhaun,4.0
217,Gobhaun,Price,4.0
218,Saor,Skin,4.0
219,Gobhaun,Man,4.0
220,Gobhaun,Father,4.0
221,Saor,Father,4.0
222,Son,Dagda,4.0
223,Son,Man,4.0
224,Gobhaun,Way,4.0
225,Saor,Way,4.0
226,Gobhaun,Woman,4.0
227,Son,Land,4.0
228,Son,Father,4.0
229,Gobhaun,Road,4.0
230,Saor,Road,4.0
231,Gobhaun,Balor,4.0
232,Balor,Fomorians,4.0
233,Wave,One,4.0
234,Gobhaun,Ireland,4.0
235,Balor,Boughs,4.0
236,Smith,Cow,4.0
237,Balor,Cow,4.0
238,Cow,Gobniu,4.0
239,Cow,Eyes,4.0
240,Cow,Night,4.0
241,Ireland,Wonder-tales,4.0
242,Smith,Sword,4.0
243,Cow,Cian,4.0
244,Balor,Apple,4.0
245,Cian.,Garth,4.0
246,Balor,Trees,4.0
247,Lugh,Light,4.0
248,Mananaun,Lugh,4.0
249,Ireland,Mananaun,4.0
250,Fomor,Ireland,4.0
251,Fomorians,Danaans,4.0
252,Nuada,Dun,4.0
253,King,World,4.0
254,Ireland,Great,4.0
255,Thoth,Wave,4.0
256,Ildana,King,4.0
257,Eye,Lugh,4.0
258,Lugh,Hill,4.0
259,Lugh,Sword,4.0
260,Lugh,Spear,4.0
261,Fire,Heart,4.0
262,Fomor,Lugh,4.0
263,Lugh,Eric-fine,4.0
264,Turann,Form,4.0
265,Brian,Urcar,4.0
266,Turann,Forth,4.0
267,Turann,Cian,4.0
268,Turann,Words,4.0
269,Eastern,World,4.0
270,Midkena,Sons,4.0
271,Fauda,Lugh,4.0
272,Great,Battle,4.0
273,Salmon,Knowledge,4.0
274,Turann,Boat,4.0
275,North,South,4.0
276,Ireland,Brian,4.0
278,Heaven,Strength,4.0
280,Tuatha,Strength,4.0
281,Danaan,Water,4.0
282,Fomor,Danaan,4.0
283,Tuatha,Fire,4.0
284,Danaan,Fire,4.0
286,Balor,Blows,4.0
287,Lugh.,Lugh,4.0
288,Lugh,Feet,4.0
289,Lugh,Tuatha,4.0
290,Sword,Abyss,4.0
291,Sea,Wave,4.0
292,Amergin,Name,4.0
293,Milesians,Tuatha,4.0
294,Angus,Fuamach,4.0
295,Midyir,World,4.0
296,World,Gods,4.0
297,Ethaun,Worlds,4.0
298,Angus,Worlds,4.0
299,World,Dark,4.0
300,World,Earth,4.0
301,Bright,Shadow,4.0
302,Ethaun,Wonder-tales,4.0
303,Ethaun,Fly,4.0
304,Queen,Ireland,4.0
306,Are,Ethaun,4.0
308,Ireland,King,4.0
309,Lir,Fionnuala,4.0
310,Lir,Aodh,4.0
311,Fionnuala,Fiacra,4.0
312,Conn.,Aodh,4.0
313,Fiacra,Conn,4.0
314,Fionnuala,Conn,4.0
315,Moyle,Sea,4.0
316,Lir,Swans,4.0
317,Conn,Fiacra,4.0
318,Saint,Kemoc,4.0
319,Saint,Swans,4.0
320,Kemoc,Swans,4.0
321,Osric,House,4.0
322,Ochone,Chiefs,4.0
323,Tara,Kings,4.0
324,Conary,High,4.0
325,Dessa,Fer,4.0
326,Fer,Lomna,4.0
327,Lomna,Conary,4.0
328,Lomna,Fer,4.0
329,Fool,Fer,4.0
332,Conary,Birds,4.0
333,Tara,Conary,4.0
334,Fer,Thou,4.0
335,Fer,Tears,4.0
336,Conary,Ingcel,4.0
337,Conary,Silver,4.0
338,Conary,Death,4.0
340,Conary,Gifts,4.0
341,Fer,Champion,4.0
342,Fer,Mac,4.0
343,Bruiden,Fire,4.0
344,Lomna,Head,4.0
346,Fool,Destruction,4.0
347,Mac,Heroes,4.0
348,King,Mac,4.0
349,King,Cecht,4.0
350,Dagda,People,3.0
351,Angus,Music,3.0
353,Dagda,Earth,3.0
354,Earth,Flame,3.0
355,Earth,Brigit,3.0
356,Sun,Name,3.0
357,Earth,Sword,3.0
358,Earth,Light,3.0
359,Sword,Brigit,3.0
360,Sword,Cauldron,3.0
361,Sword,Stone,3.0
362,Light,Spear,3.0
363,Brigit,Spear,3.0
364,Brigit,Victory,3.0
365,Brigit,Destiny,3.0
366,Plenty,Stone,3.0
367,Spear,Stone,3.0
368,Victory,Stone,3.0
370,Dagda,Plenty,3.0
371,Midyir,Flame,3.0
372,Splendour,Brigit,3.0
373,Angus,Gods,3.0
374,Angus,Wonder-tales,3.0
375,Dagda,Fire,3.0
376,Sword,Sea,3.0
377,Mananaun,Wave,3.0
378,Danaans,Grass,3.0
379,Earth,Stone,3.0
380,Connla,Trees,3.0
381,Connla,Branches,3.0
382,Angus,Well,3.0
383,Island,Name,3.0
384,Ireland,Mantle,3.0
385,Ireland,Victory,3.0
386,Spear,Ireland,3.0
387,Victory,Ireland,3.0
388,Ireland,Fire,3.0
389,Spear,Danaans,3.0
390,Victory,Danaans,3.0
391,Ireland,Fomor,3.0
392,Fomor,People,3.0
393,Danaans,Nuada,3.0
394,Balor,Head,3.0
395,Fomor,Plenty,3.0
396,Danaans,Lords,3.0
397,Lugh,Fomor,3.0
398,Spear,Lugh,3.0
399,Fomorians,Balor,3.0
401,Fomor,Angus,3.0
402,Fomor,Pooka,3.0
403,Angus,Pooka,3.0
404,Angus,Action,3.0
405,Fomor,Cloak,3.0
409,Angus,Turnip,3.0
410,Pooka,Singing,3.0
411,Pooka,Balor,3.0
412,Dagda,Time,3.0
413,Dagda,Wonder-tales,3.0
414,Dagda,Turnip,3.0
416,Fomor,Dagda,3.0
417,Balor,World,3.0
418,Dagda,Harp,3.0
419,Dagda,Country,3.0
420,Fomor,Eye,3.0
421,Dagda,Saor,3.0
422,Gobhaun,Time,3.0
423,Gobhaun,Fortune,3.0
424,Saor,Price,3.0
425,Saor,Man,3.0
426,Dagda,Mor,3.0
427,Son,Angus,3.0
428,Angus,Gold,3.0
429,Son,Wave,3.0
430,King,Land,3.0
431,King,Wave,3.0
432,Land,People,3.0
433,Gobhaun,Land,3.0
434,Gobhaun,Wave,3.0
435,Saor,Land,3.0
436,Saor,Wave,3.0
437,Son,Mananaun,3.0
438,Son,Shortening,3.0
439,Gobhaun,Mananaun,3.0
440,Gobhaun,Shortening,3.0
441,Son,Wind,3.0
442,Son,Mor,3.0
443,Gobhaun,Fomorians,3.0
444,Saor,Fomorians,3.0
445,King,Fomorians,3.0
446,Sun,Land,3.0
447,Gobhaun,Boat,3.0
448,Saor,Place,3.0
449,Saor,Balor,3.0
450,Wave,Sea,3.0
451,Gobhaun,Pot,3.0
452,Son,Pot,3.0
453,West,Round,3.0
454,Gobhaun,Plenty,3.0
455,Ireland,Gobhaun,3.0
456,Ireland,Saor,3.0
457,Brugh-fer,Stone,3.0
460,Land,Ireland,3.0
461,Danaans,House,3.0
463,Balor,House,3.0
464,Balor,Ireland,3.0
465,Balor,Woman,3.0
467,Son,Woman,3.0
469,Balor,Wind,3.0
470,Balor,Till,3.0
471,Gobhaun,Dun,3.0
472,Saor,Dun,3.0
474,Balor,Dark,3.0
476,Mananaun,Son,3.0
477,Smith,Ireland,3.0
478,Smith,Day,3.0
479,Cow,Ireland,3.0
480,Ireland,Heart,3.0
481,Gobniu,Halter,3.0
482,Cow,Halter,3.0
484,Ireland,Champion,3.0
485,Gobniu,Sword,3.0
486,Gobniu,Smith,3.0
487,Ireland,Sword,3.0
488,Cow,Till,3.0
489,Cow,Land,3.0
490,Balor,Land,3.0
491,Fomor,Sword,3.0
492,Fomor,Night,3.0
493,Ireland,Night,3.0
494,Cow,Head,3.0
495,Plenty,Land,3.0
496,Balor,Garth,3.0
497,Balor,Apples,3.0
498,Mananaun,Cloak,3.0
499,Mac,Son,3.0
500,Lugh,Waves,3.0
502,Lugh,Hands,3.0
503,Lugh,Mountains,3.0
504,Mananaun,Ireland,3.0
505,Ireland,Country,3.0
506,Mananaun,Light,3.0
507,Sword,Hand,3.0
508,Light,Hand,3.0
509,Lugh,Hand,3.0
510,Lugh,Hills,3.0
512,Ireland,Music,3.0
513,Lugh,Champion,3.0
514,Ireland,Wind,3.0
516,Lugh,Sea,3.0
517,Ireland,Thoth,3.0
518,Ireland,Rury,3.0
519,Waves,Wave,3.0
520,Wave,Cleena,3.0
521,Ildana,Lugh,3.0
522,Great,King,3.0
524,Ildana,Nuada.,3.0
526,Fomorians,Nuada,3.0
528,Nuada,Lords,3.0
529,Nuada,Ireland,3.0
530,Balor,Tuatha,3.0
531,Evil,Lugh,3.0
532,King,Lugh,3.0
533,Ireland,Stone,3.0
534,Ireland,Light,3.0
535,Sword,Earth,3.0
537,Destiny,Fire,3.0
538,Fire,Earth,3.0
539,Brian,Sons,3.0
540,Brian,Turann,3.0
541,Sons,Earth,3.0
542,Cian,Turann,3.0
543,Turann,Nuada,3.0
544,Fomor,Son,3.0
545,Son,Name,3.0
546,Nuada,Sons,3.0
547,Lauve,Wonder-tales,3.0
548,Fauda,Wonder-tales,3.0
549,Brian,Apples,3.0
550,Lugh,Enya,3.0
551,Brian,Lugh,3.0
552,Ireland,Help,3.0
553,Lauve,Turann,3.0
554,Fauda,Turann,3.0
556,Lauve,Lugh,3.0
557,Brian,Boat,3.0
558,Stars,Sea,3.0
560,Turann,Hill,3.0
561,Midkena,Spell,3.0
562,Midkena,Sea,3.0
563,Lugh,Swift,3.0
564,Turann,Eric-fine,3.0
566,Fomor,Great,3.0
568,Peace,Earth,3.0
569,Heaven,Earth,3.0
570,Angus,Singing,3.0
572,Ireland,Slieve,3.0
575,Slieve,Hills,3.0
578,Slieve,Mountains,3.0
579,Fomor,Water,3.0
580,Ireland,Water,3.0
581,Ireland,Lough,3.0
585,Tuatha,Water,3.0
586,Tuatha,Lake,3.0
587,Danaan,Lake,3.0
588,Fomor,Waves,3.0
589,Tuatha,Battle,3.0
590,Danaan,Battle,3.0
591,Dana,Mother,3.0
594,Swift,Lugh,3.0
595,Lugh,Voice,3.0
596,Balor,Voice,3.0
597,Spear,Strength,3.0
599,Ireland,Children,3.0
600,Ireland,Ships,3.0
602,Amergin,Land,3.0
605,Seven,Ah-ro-he,3.0
607,Vulture,Ah-ro-he,3.0
610,Sun,Ah-ro-he,3.0
615,Salmon,Ah-ro-he,3.0
616,Water,Ah-ro-he,3.0
617,Lake,Ah-ro-he,3.0
618,Plain,Ah-ro-he,3.0
619,Knowledge,Ah-ro-he,3.0
620,Head,Who,3.0
621,Ah-ro-he,Who,3.0
622,Amergin,Place,3.0
624,Amergin,Brigit,3.0
625,Brigit,Queen,3.0
626,Brigit,World,3.0
627,Milesians,Danaan,3.0
628,Children,Father,3.0
629,Angus,Ethaun,3.0
630,World,Angus,3.0
631,Gods,Angus,3.0
632,Midyir,Worlds,3.0
633,Ildathach,Earth,3.0
634,Dark,Earth,3.0
635,Midyir,Earth,3.0
637,Fuamach,Fly,3.0
638,Gods,Midyir,3.0
639,Ethaun,Palace,3.0
640,West,Trees,3.0
641,Deathless,Ones,3.0
642,Deathless,Ethaun,3.0
643,Golden,King,3.0
644,Fly,King,3.0
645,Ireland,Eochy,3.0
646,Queen,Ethaun,3.0
647,Deathless,Hands,3.0
648,Ethaun,Gladness,3.0
649,Ethaun,People,3.0
650,Midyir,Eochy,3.0
651,Midyir,Eochy.,3.0
652,Eochy.,Horses,3.0
653,Come,Horses,3.0
654,Come,Wind,3.0
657,Come,Day,3.0
658,Come,Hands,3.0
659,Aodh,Fionnuala,3.0
660,Moyle,Time,3.0
661,Moyle,Years,3.0
662,Children,Swans,3.0
663,Sea,Moyle,3.0
664,Sea,Swans,3.0
665,Moyle,Swans,3.0
666,Aodh,Feathers,3.0
667,Conn,Aodh,3.0
668,Aodh,Voice,3.0
669,Aodh,Sun,3.0
670,Aodh,Heavens,3.0
672,Aibric,Mountain,3.0
673,Lir,Ireland,3.0
674,Osric,Teigue,3.0
675,Teigue,Aidan,3.0
676,Eterscel,High,3.0
677,Aidan,Osric,3.0
678,Aidan,Teigue,3.0
679,Teigue,Luck-child,3.0
684,Aidan,Luck-child,3.0
685,Teigue,Hound,3.0
686,King,Child,3.0
687,Conary,Hills,3.0
688,Conary,Ireland,3.0
692,Fer,Fool,3.0
696,Fool,Conary,3.0
698,Conary,Father,3.0
699,Conary,Brothers,3.0
700,Conary,Mor,3.0
702,Conary,Spear,3.0
703,Conary,Thee,3.0
704,Mor,Man,3.0
706,Conary,Kings,3.0
707,Fer,Thee,3.0
708,Rogain,Thee,3.0
709,Fer,Blood,3.0
710,Rogain,Conary,3.0
711,Rogain,Tears,3.0
712,Ingcel,Raid,3.0
713,Mor,Raid,3.0
716,Fer,House,3.0
717,Fer,Tara,3.0
718,Fer,Word,3.0
719,Conary,Man,3.0
720,Bruiden,Mac,3.0
721,Bruiden,Doors,3.0
722,Derga,Doors,3.0
723,Mac,King,3.0
724,Cecht,King,3.0
725,Derga,Conary,3.0
726,Conary,Fire,3.0
727,Alas,Conary,3.0
729,King,Riders,3.0
730,Ireland,Riders,3.0
731,Conary,Words,3.0
732,Fer,Swine,3.0
733,Caille,Swine,3.0
734,Conary,Cualu,3.0
736,Ingcel,Conary,3.0
737,Bruiden,House,3.0
738,Ingcel,Fer,3.0
739,Fer,Cecht,3.0
740,Mac,Fire,3.0
741,Cecht,Fire,3.0
743,Mac,Mountain,3.0
744,Cecht,Mountain,3.0
745,Ingcel,Thou,3.0
746,Fer,Son,3.0
747,Regain,Man,3.0
748,Lomna,Man,3.0
749,Fer,Hair,3.0
751,Lomna,Country,3.0
752,Lomna,Woe,3.0
753,Woe,Ingcel,3.0
754,Lomna,Destruction,3.0
755,Rogain,Mac,3.0
756,Rogain,Cecht,3.0
757,Mac,Earth-shaker,3.0
758,Cecht,Earth-shaker,3.0
759,Conary,Woe,3.0
761,Conary,World,3.0
763,Fool,Ochone,3.0
764,Destruction,Ochone,3.0
767,Conary,Water,3.0
769,Liffey,Water,3.0
770,Liffey,Boyne,3.0
771,Shannon,Lake,3.0
773,University,California,3.0
774,University,Richmond,3.0
775,California,Richmond,3.0
776,Cow,Lugh,2.0
778,Land,Ogma,2.0
779,Brigit,Midyir,2.0
780,Brigit,Ogma,2.0
782,Midyir,Splendour,2.0
783,Midyir,Dagda,2.0
784,Ogma,People,2.0
785,Sun,People,2.0
786,Dagda,Lords,2.0
787,Dana,Brigit,2.0
789,Earth,Dagda,2.0
790,Earth,Who,2.0
791,Dagda,Pit,2.0
794,Silver,Earth,2.0
795,Brigit,Beauty,2.0
796,Earth,Beauty,2.0
797,Earth,Music,2.0
798,Angus,Earth,2.0
800,Angus,Hand,2.0
802,Midyir,Haughty,2.0
803,Earth,Place,2.0
804,Earth,Mantle,2.0
805,Earth,Fire,2.0
806,Dagda,Ogma,2.0
807,Nuada,Earth,2.0
810,White,Light,2.0
811,Light,Earth,2.0
813,Light,Brigit,2.0
814,Light,Cauldron,2.0
815,Light,Plenty,2.0
816,Sword,Plenty,2.0
817,Sword,Spear,2.0
818,Sword,Victory,2.0
819,Light,Victory,2.0
820,Light,Stone,2.0
821,Light,Destiny,2.0
822,Brigit,Stone,2.0
823,Cauldron,Stone,2.0
824,Cauldron,Destiny,2.0
825,Plenty,Spear,2.0
826,Plenty,Victory,2.0
827,Plenty,Destiny,2.0
828,Spear,Destiny,2.0
829,Spear,Power,2.0
830,Victory,Destiny,2.0
831,Earth,Ones,2.0
832,Earth,Ogma,2.0
833,Ones,Sword,2.0
834,Ones,Light,2.0
835,Ogma,Sword,2.0
836,Ogma,Light,2.0
837,Ogma,Danaan,2.0
838,Sword,Danaan,2.0
839,Sword,World,2.0
840,Light,World,2.0
841,Danaan,Spear,2.0
842,Danaan,Victory,2.0
843,Nuada,Spear,2.0
844,Nuada,Victory,2.0
845,Nuada,Danaan,2.0
846,Spear,Danaan,2.0
847,Spear,World,2.0
848,Victory,Danaan,2.0
849,Victory,World,2.0
850,Victory,Dagda,2.0
851,Cauldron,Danaan,2.0
852,Plenty,Danaan,2.0
853,Stone,Danaan,2.0
854,Stone,World,2.0
855,Destiny,Danaan,2.0
856,Danaan,Brigit,2.0
858,Brigit,Stars,2.0
860,Midyir,Spear,2.0
861,Spear,Life,2.0
862,Spear,Fire,2.0
865,Splendour,Mantle,2.0
866,Earth,Silver,2.0
867,Midyir,Everything,2.0
868,Cauldron,Gift,2.0
869,Earth,Hands,2.0
871,Mananaun,Mantle,2.0
872,Sword,Wave,2.0
873,Sword,Mananaun,2.0
874,Sword,Time,2.0
875,Mananaun,Time,2.0
877,Earth,Destiny,2.0
878,Stone,Hands,2.0
879,Destiny,Hands,2.0
880,Destiny,Stone,2.0
881,Stone,Grass,2.0
882,Stone,Music,2.0
883,Earth,Angus,2.0
884,Earth,Wonder-tales,2.0
889,Earth,Well,2.0
891,Mananaun,Things,2.0
894,Flame,Brigit,2.0
898,Ogma,Mantle,2.0
899,White,Island,2.0
900,White,Name,2.0
901,Brigit,Name,2.0
902,Destiny,Ireland,2.0
903,Destiny,Ogma,2.0
904,Ogma,Brigit,2.0
908,Ireland,People,2.0
909,Danaans,People,2.0
910,Danaans,Spear,2.0
911,Danaans,Victory,2.0
912,Spear,Fomor,2.0
913,Victory,Fomor,2.0
915,Great,Water,2.0
919,Fomor,Danaans,2.0
920,Fomor,Victory,2.0
921,Fomor,Cauldron,2.0
922,Spear,Cauldron,2.0
923,Spear,Plenty,2.0
924,Spear,Magic,2.0
925,Victory,Cauldron,2.0
926,Victory,Plenty,2.0
927,Victory,Magic,2.0
928,Cauldron,Dagda,2.0
929,Plenty,Dagda,2.0
930,Plenty,Danaans,2.0
931,Magic,Harp,2.0
932,Harp,Ireland,2.0
933,Dagda,Danaans,2.0
935,Danaans,Lauve,2.0
937,Lugh,Power,2.0
938,Lauve,Sons,2.0
939,Fauda,Sons,2.0
940,Ireland,Dagda,2.0
941,Angus,Hands,2.0
942,Angus,Hair,2.0
944,Dagda,Fomor,2.0
945,Cauldron,Ireland,2.0
946,Ireland,Salmon,2.0
947,Fomorians,King,2.0
949,Ochone,Action,2.0
950,Ochone,Fomor,2.0
951,Pooka,Trees,2.0
955,Angus,Fomor,2.0
958,Balor,Time,2.0
960,Pooka,Turnip,2.0
965,Pooka,Son,2.0
971,Sshh,Balor,2.0
972,Sshh,Son,2.0
974,Sshh,Dagda,2.0
975,Balor,Egg,2.0
978,Balor,Action,2.0
979,Dagda,Wind,2.0
981,Pooka,Dagda,2.0
985,Dagda,One,2.0
987,Fomorians,Dagda,2.0
988,Fomorians,Wind,2.0
989,Fomor,Evil,2.0
990,Balor,Harp,2.0
991,Evil,Harp,2.0
992,Eye,Harp,2.0
993,Fomor,Flame,2.0
994,Fomor,Country,2.0
996,Dagda,Music,2.0
997,Action,Gobhaun,2.0
998,Saor,House,2.0
1001,Come,World,2.0
1003,Dagda,Man,2.0
1005,Angus,Man,2.0
1006,Fomorians,Pot,2.0
1011,Fomorians,Day,2.0
1012,Dagda,Night,2.0
1013,Gobhaun,Angus,2.0
1014,Saor,Angus,2.0
1015,Saor,Woman,2.0
1016,Gobhaun,Wind,2.0
1017,Saor,Wind,2.0
1019,Gobhaun,Year,2.0
1021,Son,Word,2.0
1022,Son,King,2.0
1023,Land,Fortune,2.0
1024,Land,Gobhaun,2.0
1025,Land,Saor,2.0
1026,Wave,Fortune,2.0
1027,Wave,Son,2.0
1028,Wave,Gobhaun,2.0
1029,Wave,Saor,2.0
1030,Gobhaun,Wonder-tales,2.0
1031,Gobhaun,World,2.0
1032,Saor,Wonder-tales,2.0
1033,Son,Feet,2.0
1034,Son,Head,2.0
1035,Son,Hands,2.0
1037,Gobhaun,Eyes,2.0
1038,Saor,Mananaun,2.0
1039,Saor,Shortening,2.0
1040,Saor,Eyes,2.0
1041,Gobhaun,Help,2.0
1042,Gobhaun,Hand,2.0
1043,Saor,Hand,2.0
1044,Mananaun,Hand,2.0
1045,Mananaun,Sun,2.0
1049,Mor,Wonder-tales,2.0
1052,Gobhaun,King,2.0
1053,Saor,King,2.0
1054,Land,Boat,2.0
1055,Wave,Boat,2.0
1056,Saor,Boat,2.0
1058,Gobhaun,Round,2.0
1059,Saor,Head,2.0
1060,Son,Cloak,2.0
1061,Gobhaun,Cloak,2.0
1062,Gobhaun,Place,2.0
1063,Saor,Cloak,2.0
1064,Son,Country,2.0
1065,Gobhaun,Country,2.0
1066,Land,Balor,2.0
1067,Land,King,2.0
1068,Balor,Road,2.0
1069,Evil,King,2.0
1070,Evil,Road,2.0
1071,Evil,Fomorians,2.0
1072,Eye,King,2.0
1073,Eye,Fomorians,2.0
1074,King,Road,2.0
1075,Son,Fire,2.0
1076,Sun,Fire,2.0
1077,Balor,Fire,2.0
1079,Saor,Pot,2.0
1080,Son,East,2.0
1081,Son,West,2.0
1082,East,West,2.0
1083,East,Round,2.0
1085,West,East,2.0
1087,East,Son,2.0
1088,Son,Truth,2.0
1089,Gobhaun,Men,2.0
1090,Ireland,Time,2.0
1091,Fomorians,Fire,2.0
1092,Saor,Fire,2.0
1093,Road,Stone,2.0
1096,Brugh-fer,Fire,2.0
1098,Balor,Things,2.0
1099,Balor,Gobhaun,2.0
1100,Gobhaun,Things,2.0
1104,Ireland,House,2.0
1106,Woman,House,2.0
1107,Balor,Door,2.0
1108,Road,Gobhaun,2.0
1109,Gobhaun,Night,2.0
1110,Son,Dun,2.0
1112,Son,Blood,2.0
1113,Gobhaun,Light,2.0
1116,Saor,Light,2.0
1119,Son,Fortune,2.0
1120,Balor,Sky,2.0
1121,Balor,Boat,2.0
1122,Ireland,Road,2.0
1124,Gobhaun,Cow,2.0
1125,Cow,Day,2.0
1127,Ireland,Evil,2.0
1128,Ireland,Eye,2.0
1129,Ireland,Cow,2.0
1130,Smith,Champion,2.0
1131,Smith,Door,2.0
1132,Gobniu,Champion,2.0
1133,Cow,Balor,2.0
1134,Ireland,Cian,2.0
1135,Cian,Night,2.0
1136,Gobniu,Cian,2.0
1139,Plenty,Grass,2.0
1141,Cian.,Well,2.0
1142,Cian.,Balor,2.0
1143,Cian.,Apple,2.0
1144,Cian.,Trees,2.0
1145,Cian.,Mananaun,2.0
1146,Mananaun,Trees,2.0
1147,Balor,Night,2.0
1148,Lugh,Cian,2.0
1149,Balor,Halter,2.0
1152,Ireland,Waves,2.0
1154,Mananaun,Country,2.0
1155,Lugh,Apples,2.0
1157,Mananaun,Sky,2.0
1158,Ireland,Everything,2.0
1160,Ireland,Plenty,2.0
1161,Evil,Spear,2.0
1162,Eye,Spear,2.0
1163,Danaans,Earth,2.0
1164,Stone,Ireland,2.0
1165,Ireland,Fomorians,2.0
1168,Lugh,Ogma,2.0
1169,Ogma,Champion,2.0
1170,Champion,King,2.0
1171,Lugh,Kinsfolk,2.0
1172,Lugh,Sorrow,2.0
1175,Great,Waves,2.0
1176,Great,Ireland,2.0
1177,Great,Wave,2.0
1178,Ireland,Cleena,2.0
1179,Wave,Rury,2.0
1180,Thoth,Rury,2.0
1181,Thoth,Cleena,2.0
1182,Wave,Faery,2.0
1183,Wave,Host,2.0
1184,Rury,Wave,2.0
1185,Rury,Cleena,2.0
1186,Faery,Ireland,2.0
1187,Faery,Sea,2.0
1188,Host,Sea,2.0
1189,Lugh,Heart,2.0
1190,Lugh,Till,2.0
1193,Nuada,Cloak,2.0
1194,Nuada,Door,2.0
1199,Nuada.,King,2.0
1201,Nuada,Ogma,2.0
1205,Lugh,Nuada.,2.0
1206,Lugh.,Harp,2.0
1209,Lugh,Harp,2.0
1210,Lugh,Birds,2.0
1211,Lugh,Wind,2.0
1212,Danaans,Dun,2.0
1213,Danaans,Hands,2.0
1214,Lugh,Peace,2.0
1217,Land,Eyes,2.0
1218,Nuada,People,2.0
1219,Nuada,Seat,2.0
1220,Fomorians,Sky,2.0
1221,Fomorians,Hill,2.0
1225,Mananaun,Heart,2.0
1228,Nuada,Danaans,2.0
1229,Danaans,Evil,2.0
1230,Lords,Ireland,2.0
1232,Lords,Balor,2.0
1233,Lords,Evil,2.0
1234,Lords,Eye,2.0
1236,Lugh,Evil,2.0
1237,Lugh,Eye,2.0
1238,Lauve,Ildana,2.0
1239,Fauda,Ildana,2.0
1240,Balor,Danaan,2.0
1241,King,Tuatha,2.0
1242,King,Danaan,2.0
1244,Hill,Lugh,2.0
1245,Lugh,Victory,2.0
1246,Plenty,Lugh,2.0
1247,Stone,Lugh,2.0
1248,Earth,Ireland,2.0
1249,Earth,Lugh,2.0
1250,Ireland,Earth,2.0
1254,Lugh,Chiefs,2.0
1255,Fomor,World,2.0
1256,Fomor,Hands,2.0
1258,Sword,Fire,2.0
1259,Light,Fire,2.0
1260,Stone,Fire,2.0
1261,Fire,Heroes,2.0
1264,Fomor,Eric-fine,2.0
1268,Lugh,Lakes,2.0
1269,Lugh,Eyes,2.0
1270,Urcar,Sons,2.0
1271,Urcar,Turann,2.0
1273,Turann,Come,2.0
1274,Come,Forth,2.0
1275,Urcar,Brian,2.0
1276,Brian,Cian,2.0
1278,Brian,Son,2.0
1279,Brian,Form,2.0
1280,Sons,Blood,2.0
1281,Sons,Cian,2.0
1282,Turann,Till,2.0
1283,Sons,Body,2.0
1284,Turann,Body,2.0
1286,Cian,Sons,2.0
1287,Sons,Nuada,2.0
1289,Earth,Body,2.0
1290,Lugh,Body,2.0
1291,Father,Hands,2.0
1294,Danaan,Dun,2.0
1295,Danaan,Chiefs,2.0
1297,Turann,Eyes,2.0
1298,Fomor,Chiefs,2.0
1299,Fomor,Cian,2.0
1301,Fomor,Death,2.0
1302,Nuada,Turann,2.0
1303,Turann,Heart,2.0
1304,Ildana,Tuatha,2.0
1305,Ildana,Danaan,2.0
1306,Nay,King,2.0
1307,Nay,Lugh,2.0
1312,Turann,Son,2.0
1314,Lugh,Horses,2.0
1315,Lauve,Horses,2.0
1316,Fauda,Horses,2.0
1318,Turann,Apples,2.0
1320,Eastern,Skin,2.0
1321,Court,King,2.0
1322,Lugh,Alas,2.0
1323,Lauve,Alas,2.0
1324,Fauda,Alas,2.0
1325,Alas,Lugh,2.0
1327,Enya,Lugh,2.0
1328,Ireland,Battle,2.0
1329,Lugh,Great,2.0
1330,Hound,Seven,2.0
1331,Spear,Seven,2.0
1332,Victory,Seven,2.0
1333,Urcar,Father,2.0
1334,Urcar,Sorrow,2.0
1335,Enya,Turann,2.0
1338,Turann,Horses,2.0
1339,Lugh,Forth,2.0
1340,Mananaun,Turann,2.0
1341,Mananaun,Sons,2.0
1342,Turann,Kinsfolk,2.0
1345,Mananaun,Brian,2.0
1347,Farewell,Turann,2.0
1350,Golden,Apple,2.0
1351,Golden,Trees,2.0
1352,Urcar,Apples,2.0
1353,Healing,Apples,2.0
1355,World,North,2.0
1356,Stars,South,2.0
1357,North,Stars,2.0
1359,Stars,Night,2.0
1360,Spear,Skin,2.0
1361,Victory,Skin,2.0
1362,Ireland,Sons,2.0
1363,Ireland,Turann,2.0
1365,Turann,Midkena,2.0
1366,Midkena,Eric-fine,2.0
1368,Earth,Midkena,2.0
1369,Earth,Hill,2.0
1370,Turann,House,2.0
1375,Ireland,Land,2.0
1376,Brian,Land,2.0
1377,Brian,Wonder-tales,2.0
1378,Land,Wonder-tales,2.0
1379,Day,Night,2.0
1385,Lugh,Come,2.0
1387,Lugh,Things,2.0
1388,Turann,Spell,2.0
1389,Skin,Healing,2.0
1390,Turann,Brian,2.0
1391,Turann,Land,2.0
1394,Urcar,Wind,2.0
1396,Island,Strength,2.0
1397,Urcar,Strength,2.0
1399,Flame,Brian,2.0
1400,Flame,Eyes,2.0
1402,Brian,Brothers,2.0
1403,Ireland,Urcar,2.0
1404,Great,Sorrow,2.0
1405,Urcar,Boat,2.0
1406,Lugh,One,2.0
1408,Skin,Sons,2.0
1409,Healing,Sons,2.0
1412,Urcar,Everything,2.0
1413,Battle,Heaven,2.0
1417,Peace,Strength,2.0
1418,Heaven,One,2.0
1419,Heaven,Cian,2.0
1421,Heaven,Sons,2.0
1422,Moy,Great,2.0
1423,Dagda,Nuada,2.0
1428,People,Wonder-tales,2.0
1429,Fomor,Ships,2.0
1430,Fomor,Land,2.0
1431,Dagda,Lugh,2.0
1433,Lugh,Hound,2.0
1434,Come,Pooka,2.0
1435,Come,Singing,2.0
1436,Pooka,Hound,2.0
1437,Pooka,Gold,2.0
1438,Ogma,Mighty,2.0
1441,Battle,Tuatha,2.0
1442,Battle,Danaan,2.0
1443,Tuatha,Diancecht,2.0
1444,Tuatha,Great,2.0
1446,Danaan,Diancecht,2.0
1447,Danaan,Great,2.0
1450,Diancecht,Life,2.0
1451,Great,Lugh,2.0
1452,Lugh,Mathgen,2.0
1453,Mathgen,Mountains,2.0
1454,Mathgen,Hills,2.0
1455,Mathgen,Ireland,2.0
1456,Mathgen,Fomor,2.0
1457,Ireland,Twelve,2.0
1480,Slieve,Help,2.0
1483,Hills,Mountains,2.0
1487,Mountains,Slieve,2.0
1489,Mountains,Help,2.0
1490,Mountains,Lugh,2.0
1494,Boyne,Shannon,2.0
1495,Shannon,Water,2.0
1497,Danaan,Ireland,2.0
1498,Ireland,Figol,2.0
1499,Lugh,Figol,2.0
1500,Lugh,Fire,2.0
1501,Figol,Son,2.0
1505,Figol,Fire,2.0
1506,Figol,Fomor,2.0
1507,Fomor,Strength,2.0
1511,Lugh,Carpre,2.0
1513,Carpre,Mountain,2.0
1515,Balor,Hill,2.0
1520,Tuatha,Night,2.0
1521,Danaan,Tuatha,2.0
1522,Danaan,Night,2.0
1523,Tuatha,Heavens,2.0
1524,Danaan,Heavens,2.0
1525,Brigit,Battle,2.0
1529,Brigit,Dana,2.0
1530,Mighty,Mother,2.0
1535,Tuatha,Waves,2.0
1536,Danaan,Waves,2.0
1537,Water,Balor,2.0
1540,Balor,Shadow,2.0
1541,Danaan,Strike,2.0
1542,Lugh.,Strike,2.0
1543,Lauve,Strike,2.0
1544,Fauda,Strike,2.0
1545,Strike,Ildana,2.0
1546,Strike,Lugh,2.0
1547,Strike,Feet,2.0
1548,Strike,Tuatha,2.0
1549,Strike,Danaan,2.0
1550,Lugh,Danaan,2.0
1552,Swift,Balor,2.0
1554,Swift,Vulture,2.0
1555,Swift,Night,2.0
1556,Vulture,Voice,2.0
1557,Night,Voice,2.0
1558,Abyss,Lugh,2.0
1559,Abyss,Strength,2.0
1560,Abyss,Tuatha,2.0
1561,Abyss,Danaan,2.0
1562,Great,Tuatha,2.0
1563,Great,Danaan,2.0
1564,Victory,Strength,2.0
1565,Sword,Tethra,2.0
1566,Sword,Great,2.0
1567,Sword,Tuatha,2.0
1568,Tethra,Great,2.0
1569,Tethra,Sword,2.0
1570,Tethra,Abyss,2.0
1571,Great,Sword,2.0
1572,Great,Abyss,2.0
1573,Night,Day,2.0
1574,Night,Sword,2.0
1575,Day,Sword,2.0
1576,Sword,Ogma,2.0
1578,Mor,Hills,2.0
1579,Ireland,Peace,2.0
1580,Ireland,Heaven,2.0
1581,Heaven,Inisfail,2.0
1583,Earth,Heaven,2.0
1584,Earth,Strength,2.0
1585,Earth,Inisfail,2.0
1588,Earth,Milesians,2.0
1589,Milesians,Ireland,2.0
1592,Milesians,Wind,2.0
1593,Milesians,Sea,2.0
1594,Blows,Sea,2.0
1595,Blows,Ah-ro-he,2.0
1597,Sea,Wonder-tales,2.0
1599,Wave,Ah-ro-he,2.0
1600,Sea,Seven,2.0
1601,Plain,Knowledge,2.0
1602,Word,Ah-ro-he,2.0
1603,Battle,Ah-ro-he,2.0
1604,Battle,Who,2.0
1605,God,Who,2.0
1607,Fire,Who,2.0
1608,Milesians,Amergin,2.0
1609,Inisfail,Brigit,2.0
1610,Name,Place,2.0
1611,Name,Brigit,2.0
1612,Queen,Amergin,2.0
1616,Inisfail,Nuada,2.0
1617,Inisfail,Dagda,2.0
1618,Nuada,Dagda,2.0
1619,Nuada,Country,2.0
1623,Haughty,Father,2.0
1624,Great,Plain,2.0
1625,Ireland,Amergin,2.0
1628,Ogma,Milesians,2.0
1629,Nuada,Milesians,2.0
1630,Dagda,Milesians,2.0
1631,Milesians,Fire,2.0
1633,Milesians,Brigit,2.0
1634,Brigit,Amergin,2.0
1635,Brigit,Fire,2.0
1636,Milesians,Ships,2.0
1638,Amergin,Sea,2.0
1639,Sea,Land,2.0
1640,Sea,Ireland,2.0
1641,Tuatha,Milesians,2.0
1642,Danaan,Milesians,2.0
1644,Milesians,Nuada,2.0
1645,Milesians,Eyes,2.0
1648,Children,Haughty,2.0
1649,Children,Land,2.0
1650,Children,Milesians,2.0
1651,Brigit,Angus,2.0
1652,Angus,Midyir,2.0
1653,Angus,Everything,2.0
1654,Fuamach,Midyir,2.0
1655,Fuamach,Angus,2.0
1656,Midyir,Angus,2.0
1657,World,Ethaun,2.0
1658,Angus,Place,2.0
1659,World,Bright,2.0
1660,World,Ildathach,2.0
1661,Bright,Ildathach,2.0
1662,Bright,World,2.0
1663,Bright,Dark,2.0
1664,Shadow,Ildathach,2.0
1665,Shadow,World,2.0
1666,Shadow,Dark,2.0
1667,Shadow,Midyir,2.0
1668,Ildathach,World,2.0
1669,Ildathach,Dark,2.0
1670,Ildathach,Shadow,2.0
1671,Dark,Shadow,2.0
1673,Earth,Ethaun,2.0
1674,Ethaun,Gods,2.0
1676,Ethaun,Fuamach,2.0
1677,Angus,Fly,2.0
1678,Golden,Ethaun,2.0
1679,Fly,Ethaun,2.0
1681,East,Sea,2.0
1683,World,Wonder-tales,2.0
1685,Ethaun,Child,2.0
1686,Ones,Ethaun,2.0
1687,Ethaun,Queen,2.0
1689,Ethaun,Seat,2.0
1690,Eochy,Ethaun,2.0
1691,Ethaun,One,2.0
1692,Ethaun,Hair,2.0
1693,Ethaun,Beauty,2.0
1694,Eochy,High,2.0
1695,Eochy,Queen,2.0
1696,Queen,Eochy,2.0
1697,King,Eochy,2.0
1698,King,Queen,2.0
1701,Ethaun,High,2.0
1702,Ethaun,Door,2.0
1705,Fool,Palace,2.0
1706,Ethaun,Day,2.0
1707,Ethaun,Night,2.0
1710,Ones,Hands,2.0
1713,Queen,King,2.0
1714,Ethaun,Eyes,2.0
1715,Angus,Come,2.0
1716,Angus,One,2.0
1717,Angus,Birds,2.0
1718,Angus,Night,2.0
1719,Come,King,2.0
1720,World,Fuamach,2.0
1721,Gods,Fuamach,2.0
1722,Eochy,Midyir,2.0
1723,Midyir,Men,2.0
1724,Eochy.,Midyir,2.0
1733,Ethaun,Horses,2.0
1735,Eochy,Year,2.0
1737,Midyir,Year,2.0
1738,Eochy,Gladness,2.0
1739,Midyir,Eyes,2.0
1740,Midyir,Seat,2.0
1741,Midyir,Silver,2.0
1742,Midyir,King,2.0
1743,Ethaun,Life,2.0
1744,Are,Night,2.0
1745,Ethaun,Flame,2.0
1746,Come,Midyir,2.0
1747,Danaan,Fionnuala,2.0
1748,Ireland,Lir,2.0
1749,Ireland,Fionnuala,2.0
1750,Ireland,Aodh,2.0
1751,Lir,Fiacra,2.0
1753,Fionnuala,Branches,2.0
1754,Aodh,Conn.,2.0
1755,Aodh,Branches,2.0
1756,Fiacra,Conn.,2.0
1757,Fiacra,Fionnuala,2.0
1758,Ireland,Lakes,2.0
1759,Danaans,Horses,2.0
1760,Fiacra,Wonder-tales,2.0
1761,Conn,Wonder-tales,2.0
1764,Fionnuala,Woman,2.0
1768,Children,Fionnuala,2.0
1769,Come,Conn,2.0
1770,Fionnuala,Farewell,2.0
1771,Fionnuala,Heart,2.0
1772,Aodh,Farewell,2.0
1773,Aodh,Gladness,2.0
1774,Lir,Kinsfolk,2.0
1775,Lir,Earth,2.0
1776,Ireland,Swans,2.0
1778,Fionnuala,Feathers,2.0
1779,Conn,Feathers,2.0
1780,Fiacra,Sea,2.0
1783,Aodh,Swans,2.0
1784,Aodh,Lir,2.0
1785,Faery,Kinsfolk,2.0
1787,Fionnuala,Beauty,2.0
1789,Fionnuala,Swans,2.0
1791,Lir,House,2.0
1792,Conn.,Hills,2.0
1793,Aodh,Earth,2.0
1794,Fionnuala,Earth,2.0
1795,Aodh,House,2.0
1796,Ochone,Beauty,2.0
1801,Aibric,Hands,2.0
1804,Lir,Splendour,2.0
1805,Aibric,Saint,2.0
1806,Saint,Hands,2.0
1807,Saint,God,2.0
1815,Eterscel,King,2.0
1816,Eterscel,Ireland,2.0
1817,Eterscel,Osric,2.0
1818,King,Aidan,2.0
1819,Osric,Fool,2.0
1820,Osric,Child,2.0
1822,Teigue,House,2.0
1823,Aidan,Child,2.0
1824,Aidan,Mantle,2.0
1825,Teigue,Music,2.0
1826,Teigue,Day,2.0
1828,Ochone,Luck-child,2.0
1830,King,One,2.0
1832,People,King,2.0
1834,Eterscel,Queen,2.0
1836,Aidan,Palace,2.0
1838,Conary,Mother,2.0
1839,Dana,Mantle,2.0
1840,Faery,Land,2.0
1841,Faery,Heart,2.0
1843,Heart,Land,2.0
1845,King,Gifts,2.0
1847,Ireland,Gifts,2.0
1848,People,Conary,2.0
1849,Conary,Wonder-tales,2.0
1850,King,Wonder-tales,2.0
1852,Gar,Regain,2.0
1853,Regain,Conary,2.0
1854,Conary,Gar,2.0
1856,Fer,Mother,2.0
1858,Conary,Child,2.0
1859,Conary,Eterscel,2.0
1860,Faery,King,2.0
1861,Spell,Truth,2.0
1863,Conary,Come,2.0
1866,Mor,Conary,2.0
1870,Tara,Road,2.0
1872,Tara,Gold,2.0
1877,Tara,Round,2.0
1881,Faery,Year,2.0
1882,Hills,Year,2.0
1883,Beauty,Year,2.0
1884,Mor,Blood,2.0
1885,Rogain,Fer,2.0
1887,Fer,Heart,2.0
1888,Rogain,Thou,2.0
1889,Rogain,Heart,2.0
1890,Fer,Sorrow,2.0
1891,Rogain,Sorrow,2.0
1892,Rogain,Blood,2.0
1894,Ingcel,Father,2.0
1895,Ingcel,Mor,2.0
1896,Ingcel,Ireland,2.0
1897,Mor,Ships,2.0
1898,Mor,Ireland,2.0
1899,Raid,Ships,2.0
1900,Raid,Ireland,2.0
1901,Ireland,Brothers,2.0
1903,Conary,Rogain,2.0
1904,Fer,Kings,2.0
1914,Conary,Alas,2.0
1915,Mac,Champion,2.0
1916,Mac,Thou,2.0
1917,Cecht,Champion,2.0
1918,Cecht,Thou,2.0
1919,Bruiden,Well,2.0
1920,Bruiden,Cecht,2.0
1921,Derga,Well,2.0
1922,Derga,Court,2.0
1923,Derga,Mac,2.0
1924,Derga,Cecht,2.0
1925,Court,Derga,2.0
1926,Court,Doors,2.0
1927,Cecht,People,2.0
1931,Conary,Years,2.0
1932,Nay,Conary,2.0
1933,Conary,Riders,2.0
1935,Conary,Swift,2.0
1938,King,Gift,2.0
1939,Ireland,Gift,2.0
1940,Conary,Truth,2.0
1942,Fer,Caille,2.0
1943,Caille,Thou,2.0
1946,Bruiden,Road,2.0
1947,Bruiden,Cualu,2.0
1948,Derga,Ingcel,2.0
1949,Cualu,Ingcel,2.0
1950,Ingcel,Men,2.0
1952,Bruiden,Ingcel,2.0
1953,Fer,Fire,2.0
1955,Champion,Fire,2.0
1956,Mac,Hands,2.0
1957,Cecht,Hands,2.0
1958,Bruiden,Door,2.0
1961,Conary,Woman,2.0
1964,Dessa,Ingcel,2.0
1965,Ingcel,Round,2.0
1967,Ingcel,Bruiden,2.0
1969,Bruiden,Weapons,2.0
1972,Fer,King,2.0
1975,Regain,Son,2.0
1976,Regain,King,2.0
1980,Lomna,Evil,2.0
1981,Fool,Evil,2.0
1984,Ingcel,Man,2.0
1985,Mor,Thou,2.0
1986,Woe,Lomna,2.0
1987,Woe,Fool,2.0
1988,Destruction,Lomna,2.0
1989,Ingcel,Lomna,2.0
1990,Easy,Thee,2.0
1991,Easy,Lomna,2.0
1992,Easy,Thou,2.0
1994,Easy,Country,2.0
1995,Lomna,King,2.0
1996,Woe,Conary,2.0
1997,Fer,World,2.0
1998,Regain,World,2.0
2003,Rogain,Champion,2.0
2007,Mac,Hills,2.0
2011,Cecht,Hills,2.0
2015,Gold,Silver,2.0
2016,Fool,Man,2.0
2017,Destruction,Thou,2.0
2019,Woe,One,2.0
2020,Nay,Thou,2.0
2021,Fool,Thou,2.0
2022,Woe,Fer,2.0
2024,Ingcel,Silver,2.0
2025,Fer,Voice,2.0
2026,Mor,Hound,2.0
2029,Lomna,Ochone,2.0
2030,Ochone,Le-fri-flaith,2.0
2031,Conary,Ochone,2.0
2032,Ochone,Ingcel,2.0
2036,Mor,Water,2.0
2037,King,Water,2.0
2042,Mac,Drink,2.0
2044,Cecht,Drink,2.0
2046,Mac,Thee,2.0
2047,Mac,Bruiden,2.0
2048,Cecht,Thee,2.0
2049,Cecht,Death,2.0
2050,Cecht,Bruiden,2.0
2056,Boyne,Mac,2.0
2057,Boyne,Cecht,2.0
2058,Mac,Shannon,2.0
2059,Mac,Water,2.0
2060,Cecht,Shannon,2.0
2061,Cecht,Water,2.0
2062,Shannon,Ireland,2.0
2063,Shannon,Night,2.0
2064,Ireland,Lake,2.0
2066,Uaran,Lake,2.0
2067,Uaran,Water,2.0
2072,Conary,Drink,2.0
2073,Mac,Library,2.0
2074,Cecht,Library,2.0
2075,University,Library,2.0
2076,California,Library,2.0
2077,Library,Richmond,2.0
